Workbook

Sheet Lists
A1: Destinations | C1: Package Types | D1: MIN days | E1: MAX days
A2: Turkey | B2: Istanbul | C2: Classic | D2: 4 | E2: 6
A3: Indonesia | B3: Bali | C3: Explorer | D3: 7 | E3: 10
A4: Pakistan | B4: Hunza | C4: Premium | D4: 10 | E4: 14
A5: Switzerland | B5: Swiss Alps
A6: Japan | B6: Koyto &Toykyo
A7: Pakistan | B7: Kaghan Valley
A8: New Zealand | B8: South Isalnd
A9: Greece | B9: Satorini

Sheet Package_Costs
A1: Destination | C1: Package Type | D1: Packages price(PKR) | E1: Destitation Expense(PKR) | F1: Cost per Person Per Day(PKR)
A2: Turkey | B2: Istanbul | C2: Explorer | D2: 9999 | E2: 12999 | F2: =(D2+E2) -> 22998
A3: Turkey | B3: Istanbul | C3: Classic | D3: 18999 | E3: 12999 | F3: =(D3+E3) -> 31998
A4: Turkey | B4: Istanbul | C4: Premium | D4: 34999 | E4: 12999 | F4: =(D4+E4) -> 47998
A5: Indonesia | B5: Bali | C5: Explorer | D5: 9999 | E5: 18999 | F5: =(D5+E5) -> 28998
A6: Indonesia | B6: Bali | C6: Classic | D6: 18999 | E6: 18999 | F6: =(D6+E6) -> 37998
A7: Indonesia | B7: Bali | C7: Premium | D7: 34999 | E7: 18999 | F7: =(D7+E7) -> 53998
A8: Pakistan | B8: Hunza | C8: Explorer | D8: 9999 | E8: 12999 | F8: =(D8+E8) -> 22998
A9: Pakistan | B9: Hunza | C9: Classic | D9: 18999 | E9: 12999 | F9: =(D9+E9) -> 31998
A10: Pakistan | B10: Hunza | C10: Premium | D10: 34999 | E10: 12999 | F10: =(D10+E10) -> 47998
A11: Switzerland | B11: Swiss Alps | C11: Explorer | D11: 9999 | E11: 24999 | F11: =(D11+E11) -> 34998
A12: Switzerland | B12: Swiss Alps | C12: Classic | D12: 18999 | E12: 24999 | F12: =(D12+E12) -> 43998
A13: Switzerland | B13: Swiss Alps | C13: Premium | D13: 34999 | E13: 24999 | F13: =(D13+E13) -> 59998
... A25: Greece | B25: Santorini | C25: Premium | D25: 34999 | E25: 21999 | F25: =(D25+E25) -> 56998

Sheet Trip_Planner
A1: Customer Name | B1: Destination | D1: Package Type | E1: No. of Persons | F1: Cost per Person (Per Day)(PKR) | G1: Total Cost(PKR)
A2: Ali Khan | B2: Indonesia | C2: Bali | D2: Premium | E2: 2 | F2: 53998 | G2: =(E2*F2) -> 107996
A3: Sara Ahmed | B3: Turkey | C3: Istanbul | D3: Classic | E3: 3 | F3: 31998 | G3: =(E3*F3) -> 95994
A4: Usman Raza | B4: Pakistan | C4: Hunza | D4: Premium | E4: 2 | F4: 47998 | G4: =(E4*F4) -> 95996
A5: Ayesha Noor | B5: Switzerland | C5: Swiss Alps | D5: Explorer | E5: 1 | F5: 34998 | G5: =(E5*F5) -> 34998
A6: Bilal Hussain | B6: Indonesia | C6: Bali | D6: Classic | E6: 4 | F6: 37998 | G6: =(E6*F6) -> 151992
A7: Muhammad Sheharyar | B7: Turkey | C7: Istanbul | D7: Explorer | E7: 2 | F7: 22998 | G7: =(E7*F7) -> 45996
A8: Fahad Iqbal | B8: Switzerland | C8: Swiss Alps | D8: Premium | E8: 2 | F8: 59998 | G8: =(E8*F8) -> 119996
A9: Zainab Sheikh | B9: Pakistan | C9: Kaghan Valley | D9: Classic | E9: 3 | F9: 31998 | G9: =(E9*F9) -> 95994
A10: Hamza Ali | B10: Indonesia | C10: Bali | D10: Explorer | E10: 1 | F10: 28998 | G10: =(E10*F10) -> 28998
A11: Nida Fatima | B11: Japan | C11: Koyto & Tokyo | D11: Premium | E11: 2 | F11: 32998 | G11: =(E11*F11) -> 65996
A12: Muhammad Ali | B12: New Zealand | C12: South Island | D12: Explorer | E12: 5 | F12: 42998 | G12: =(E12*F12) -> 214990
A13: Muhammad Uzair | B13: Japan | C13: Koyto & Tokyo | D13: Explorer | E13: 4 | F13: 37998 | G13: =(E13*F13) -> 151992
... A16: Anas shafi | B16: Greece | C16: Santorini | D16: Classic | E16: 2 | F16: 40998 | G16: =(E16*F16) -> 81996
E17: =IFERROR(INDEX(Package_Costs!$D$2:$D$13,MATCH(1,(Package_Costs!$A$2:$A$13=B17)*(Package_Costs!$C$2:$C$13=C17),0)),"")
F18: =IFERROR(INDEX(Package_Costs!$D$2:$D$13,MATCH(1,(Package_Costs!$A$2:$A$13=B18)*(Package_Costs!$C$2:$C$13=C18),0)),"") | G18: =IFERROR(#REF!*E18*F18,"")
F19: =IFERROR(INDEX(Package_Costs!$D$2:$D$13,MATCH(1,(Package_Costs!$A$2:$A$13=B19)*(Package_Costs!$C$2:$C$13=C19),0)),"") | G19: =IFERROR(D19*E19*F19,"")
F20: =IFERROR(INDEX(Package_Costs!$D$2:$D$13,MATCH(1,(Package_Costs!$A$2:$A$13=B20)*(Package_Costs!$C$2:$C$13=C20),0)),"") | G20: =IFERROR(D20*E20*F20,"")
F21: =IFERROR(INDEX(Package_Costs!$D$2:$D$13,MATCH(1,(Package_Costs!$A$2:$A$13=B21)*(Package_Costs!$C$2:$C$13=C21),0)),"") | G21: =IFERROR(D21*E21*F21,"")
F22: =IFERROR(INDEX(Package_Costs!$D$2:$D$13,MATCH(1,(Package_Costs!$A$2:$A$13=B22)*(Package_Costs!$C$2:$C$13=C22),0)),"") | G22: =IFERROR(D22*E22*F22,"")
F23: =IFERROR(INDEX(Package_Costs!$D$2:$D$13,MATCH(1,(Package_Costs!$A$2:$A$13=B23)*(Package_Costs!$C$2:$C$13=C23),0)),"") | G23: =IFERROR(D23*E23*F23,"")
F24: =IFERROR(INDEX(Package_Costs!$D$2:$D$13,MATCH(1,(Package_Costs!$A$2:$A$13=B24)*(Package_Costs!$C$2:$C$13=C24),0)),"") | G24: =IFERROR(D24*E24*F24,"")
F25: =IFERROR(INDEX(Package_Costs!$D$2:$D$13,MATCH(1,(Package_Costs!$A$2:$A$13=B25)*(Package_Costs!$C$2:$C$13=C25),0)),"") | G25: =IFERROR(D25*E25*F25,"")
F26: =IFERROR(INDEX(Package_Costs!$D$2:$D$13,MATCH(1,(Package_Costs!$A$2:$A$13=B26)*(Package_Costs!$C$2:$C$13=C26),0)),"") | G26: =IFERROR(D26*E26*F26,"")
F27: =IFERROR(INDEX(Package_Costs!$D$2:$D$13,MATCH(1,(Package_Costs!$A$2:$A$13=B27)*(Package_Costs!$C$2:$C$13=C27),0)),"") | G27: =IFERROR(D27*E27*F27,"")
F28: =IFERROR(INDEX(Package_Costs!$D$2:$D$13,MATCH(1,(Package_Costs!$A$2:$A$13=B28)*(Package_Costs!$C$2:$C$13=C28),0)),"") | G28: =IFERROR(D28*E28*F28,"")
F29: =IFERROR(INDEX(Package_Costs!$D$2:$D$13,MATCH(1,(Package_Costs!$A$2:$A$13=B29)*(Package_Costs!$C$2:$C$13=C29),0)),"") | G29: =IFERROR(D29*E29*F29,"")
F30: =IFERROR(INDEX(Package_Costs!$D$2:$D$13,MATCH(1,(Package_Costs!$A$2:$A$13=B30)*(Package_Costs!$C$2:$C$13=C30),0)),"") | G30: =IFERROR(D30*E30*F30,"")
... F50: =IFERROR(INDEX(Package_Costs!$D$2:$D$13,MATCH(1,(Package_Costs!$A$2:$A$13=B50)*(Package_Costs!$C$2:$C$13=C50),0)),"") | G50: =IFERROR(D50*E50*F50,"")
